{
    "list": [{
        "date": "2018-01-01",
        "name": "100.10.11.112",
        "address": "用于内网服务器"
    }, {
        "date": "1987-09-24",
        "name": "100.10.11.112",
        "address": "用于营商通服务器"
    }, {
        "date": "1996-08-08",
        "name": "100.10.11.112",
        "address": "用于营商通服务器"
    }, {
        "date": "1978-06-18",
        "name": "100.10.11.112",
        "address": "用于营商通服务器"
    }, {
        "date": "1977-07-09",
        "name": "100.10.11.112",
        "address": "用于内网服务器"
    }, {
        "date": "1994-09-20",
        "name": "100.10.11.112",
        "address": "用于内网服务器"
    }, {
        "date": "1980-01-22",
        "name": "100.10.11.112",
        "address": "用于内网服务器"
    }, {
        "date": "1985-10-10",
        "name": "100.10.11.112",
        "address": "用于内网服务器"
    }, {
        "date": "1975-09-08",
        "name": "100.10.11.112",
        "address": "用于内网服务器"
    }, {
        "date": "1970-06-07",
        "name": "100.10.11.112",
        "address": "用于内网服务器"
    }]
}