{
    "list": [{
        "date": "1997-11-11",
        "name": "100.10.11.112",
        "remarks": "用于内网服务器"
    }, {
        "date": "1987-09-24",
        "name": "100.10.11.113",
        "remarks": "用于营商通服务器"
    }, {
        "date": "1996-08-08",
        "name": "100.10.11.114",
        "remarks": "用于营商通服务器"
    }, {
        "date": "1978-06-18",
        "name": "100.10.11.115",
        "remarks": "用于营商通服务器"
    }, {
        "date": "1977-07-09",
        "name": "100.10.11.116",
        "remarks": "用于内网服务器"
    }, {
        "date": "1994-09-20",
        "name": "100.10.11.117",
        "remarks": "用于内网服务器"
    }, {
        "date": "1980-01-22",
        "name": "100.10.11.118",
        "remarks": "用于内网服务器"
    }, {
        "date": "1985-10-10",
        "name": "100.10.11.119",
        "remarks": "用于内网服务器"
    }, {
        "date": "1975-09-08",
        "name": "100.10.11.120",
        "remarks": "用于内网服务器"
    }, {
        "date": "1970-06-07",
        "name": "100.10.11.122",
        "remarks": "用于内网服务器"
    }]
}